,,,Human geography
,,,Physical geography
,,,Absolute location
,,,Relative location
,,,Spatial perspective
,,,Map
,,,Mental map
,,,Distribution
,,,Pattern
,,,Formal region
,,,Functional (nodal) region
,,,Perceptual (vernacular) region
,,,Remote sensing
,,,Geographic Information Systems
,,,Diffusion
,,,Expansion diffusion
,,,Relocation diffusion
,,,Acculturation
,,,Assimilation
,,,Transculturation
,,,Contagious diffusion
,,,Hierarchical diffusion
,,,Independent invention
,,,Environmental determinism
,,,Possibilism
,,,Culture
,,,Cultural diffusion
,,,Cultural landscape
,,,Culture hearth
,,,Culture trait
,,,Culture complex
,,,Culture realm
,,,Culture region
,,,Culture system
,,,Sequent occupance
,,,Folk culture
,,,Popular culture
,,,Commodification
,,,Stimulus diffusion
,,,adaptive strategies
,,,architectural form
,,,authenticity
,,,cultural appropriation
,,,folk culture
,,,folk ways
,,,folklore
,,,maladapted diffusion
,,,material culture
,,,non material culture
,,,placelessness
,,,popular culture
,,,survey systems
,,,traditional architecture
,,,vernacular
,,,acculturation
,,,adaptation
,,,assimilation
,,,cultural convergence
,,,cultural divergence
,,,cultural integration
,,,core / periphery / semi-periphery
,,,cultural identity
,,,cultural realm
,,,cultural regions
,,,global-local continuum
,,,glocalization
,,,innovation adoption
,,,bario / favala
,,,cultural adaptation
,,,cultural shatter belt
,,,ethnic cleansing
,,,ethnic conflict
,,,ethnic conclave
,,,ethnic group
,,,ethnic homeland
,,,ethnic neighborhood
,,,ethnicity
,,,ethnocentrism
,,,ghetto
,,,plural society
,,,race
,,,segregation
,,,creole
,,,dialect
,,,indo-european language
,,,isogloss
,,,language family
,,,language group
,,,lingua franca
,,,linguistic diversity
,,,monolingual
,,,multilingual
,,,official language
,,,pidgin
,,,proto language
,,,toponymy
,,,dowry death
,,,enfranchisement
,,,gender
,,,gender gap
,,,infanticide
,,,longevity gap
,,,maternal mortality rate
,,,animism
,,,buddhism
,,,christianity
,,,confucianism
,,,ethnic religion
,,,exclave
,,,enclave
,,,fundamentalism
,,,geomancy (feng shui)
,,,hajj
,,,hinduism
,,,interfaith boundaries
,,,islam
,,,juinism
,,,judaism
,,,landscapes of the dead
,,,monotheism
,,,polytheism
,,,mormonism
,,,muslim pilgrimage
,,,proselytic religion
,,,reincarnation
,,,religious fundamentalism
,,,religious extremism
,,,religious toponyms
,,,sacred space
,,,shamanism
,,,secularism
,,,sharia law
,,,shintoism
,,,sikhism
,,,sunni
,,,shia (shi'ite)
,,,syncretism
,,,taoism
,,,theocracy
,,,universalizing
,,,zoroastranism
,,,Pandemic
,,,Physiological density
,,,Population pyramid
,,,Sex ratio
,,,Total fertility rate (TFR)
,,,Medical Revolution
,,,Natural Increase Rate
,,,Overpopulation
,,,Agricultural Density
,,,Agricultural Revolution
,,,Arithmetic Density
,,,Census
,,,Crude Birth Rate
,,,Crude Death Rate
,,,Demography
,,,Demographic Transition Model
,,,Demographic Momentum
,,,Baby Boom
,,,Age Distribution
,,,Total Fertility Rate
,,,Dependency Ratio
,,,Doubling Time
,,,Epidemiological Transition Model
,,,Epidemiology
,,,Ecumene
,,,Underpopulation
,,,J-Curve
,,,Population Distribution
,,,Demographic Regions
,,,Cohort
,,,Natality
,,,Crude Density
,,,Population Explosion
,,,S-Curve
,,,Brain Drain
,,,Disease Diffusion
,,,Life Expectancy
,,,Geodemographic analysis
,,,Standard of Living
,,,Maladaptation
,,,Distance Decay
,,,Zero Population Growth
,,,Demographic Equation
,,,Sustainability
,,,Infant Mortality Rate
,,,Gravity model
,,,Intervening Opportunity
,,,Push-Pull Factors
,,,Carrying Capacity
,,,Mortality
,,,Transhumance
,,,Population Densities
,,,Natural Decrease Rate
,,,Personal Space
,,,Transmigration
,,,Population Policy
,,,Voluntary Migration
,,,Forced Migration
,,,Refugees
,,,Chain Migration
,,,Internal Migration
,,,Migration patterns
,,,Guest Workers
,,,Undocumented Immigrants
,,,Immigration
,,,Emigration
,,,Thomas Malthus
,,,Neo-Malthusian
,,,multinational corporation (MNC)
,,,NAFTA
,,,outsourcing: 1
,,,outsourcing: 2
,,,primary activities
,,,profit maximization
,,,quaternary activities
,,,quinary activities
,,,satisficing location
,,,secondary activities
,,,short-haul penalty
,,,spatial margin of profitability
,,,spatially fixed cost
,,,spatially variable cost
,,,substitution principle
,,,supply curve
,,,terminal costs
,,,tertiary activities
,,,transfer of technology
,,,transnational corporation (TNC)
,,,ubiquitous industry
,,,uniform (isotropic) plain
,,,variable costs of transportation
,,,vertical integration
,,,weight gaining
,,,weight reduction
,,,agglomeration
,,,agglomeration economies
,,,break-of-bulk point
,,,comparative advantage
,,,conglomerate corporations
,,,deglomeration
,,,deindustrialization
,,,demand curve
,,,economies of scale
,,,fixed cost
,,,footloose
,,,Fordism
,,,freight rates
,,,friction of distance
,,,high-tech industry
,,,inelastic demand
,,,Industrial Revolution
,,,isotropic plain
,,,just-in-time production
,,,labor intensive
,,,least-cost theory (Weber)
,,,line-haul costs
,,,location theory
,,,locational interdependence (Hotelling)
,,,locational triangle
,,,market equilibrium
,,,market orientation
,,,Maquiladora
,,,material orientation
,,,multiplier effect
,,,multiplier effect: industrial agglomerations
,,,multiplier effect: urban geography
,,,acid rain
,,,aquifer
,,,biome
,,,biosphere
,,,desertification
,,,ecosystem
,,,environment
,,,environmental pollution
,,,fallowing
,,,greenhouse effect
,,,hazardous waste
,,,hydrologic cycle
,,,icebox effect
,,,limiting factor principle
,,,ozone
,,,crop rotation
,,,soil
,,,soil erosion
,,,terracing
,,,toxic waste
,,,antecedent boundary
,,,artificial boundary
,,,autonomous nationalism
,,,centrifugal force
,,,centripetal force
,,,compact state
,,,consequent boundary
,,,containment
,,,core area
,,,migration
,,,mobility
,,,movement bias
,,,network
,,,personal communication field
,,,personal space
,,,place perception
,,,place utility
,,,potential model
,,,pull factor
,,,push factor
,,,Reilly's law
,,,return migration
,,,space-time prism
,,,spatial interaction
,,,spatial search
,,,step migration
,,,territoriality
,,,transferability
,,,acculturation
,,,artifact
,,,carrying capacity
,,,cultural convergence
,,,cultural divergence
,,,cultural ecology
,,,cultural integration
,,,cultural landscape
,,,culture
,,,culture complex
,,,culture hearth
,,,culture realm
,,,culture region
,,,culture system
,,,culture trait
,,,diffusion
,,,diffusion barrier
,,,environmental determinism
,,,expansion diffusion
,,,hunter-gatherer
,,,ideological subsytem
,,,independent invention
,,,innovation
,,,mentifact
,,,multilinear evolution
,,,possibilism
,,,relocation diffusion
,,,sociofact
,,,sociological subsystem
,,,syncretism
,,,technological subsystem
,,,absolute direction
,,,absolute distance
,,,absolute location
,,,accessibility
,,,concentration
,,,connectivity
,,,cultural landscape
,,,density
,,,dispersion
,,,formal region
,,,functional region
,,,geographic information system
,,,globalization
,,,mental map
,,,model
,,,natural landscape
,,,nodal region
,,,pattern
,,,perceptual region
,,,projection
,,,region
,,,regional concept
,,,relative direction
,,,relative distance
,,,relative location
,,,remote sensing
,,,scale
,,,site
,,,situation
,,,spatial diffusion
,,,spatial distribution
,,,spatial interaction
,,,spatial system
,,,uniform region
,,,Least Cost Theory
,,,Locational Interdependence
,,,Rostow's Modernization Model
,,,Agglomeration
,,,Agglomeration economy
,,,Alfred Weber
,,,Asian tigers
,,,Backwash effect
,,,Big Mac Index
,,,Commodification
,,,Comparative advantage
,,,Conglomerate corporation
,,,Deglomeration
,,,Dependency theory
,,,Development
,,,Development gap
,,,Economy
,,,Ecotourism
,,,Export-processing zone
,,,Fair trade
,,,Footloose industry
,,,Ford production (Fordist) method
,,,Foreign direct investment
,,,Free trade
,,,Globalization
,,,Global warming theory
,,,Greenhouse effect
,,,Gross domestic product (GDP)
,,,High-tech corridor (technopole)
,,,Human Development Index (HDI)
,,,Industrialization
,,,Industrial Revolution
,,,Informal sector
,,,International trade approach
,,,Less-developed country
,,,Liberal development theories
,,,Locational interdependence
,,,Maquiladora zone
,,,Market orientation
,,,Material orientation
,,,More-developed country
,,,Multinational corporation (MNC)
,,,New industrial country (NIC)
,,,New international division of labor
,,,Nongovernmental organization (NGO)
,,,North-south gap
,,,Outsourcing
,,,Pacific Rim economic region
,,,Primary economic activities
,,,Privatization
,,,Purchasing power parity (PPP)
,,,Quaternary economic activities
,,,Quinary economic activities
,,,Secondary economic activities
,,,Self-sufficiency approach
,,,Spatially fixed costs
,,,Spatially variable costs
,,,Special economic zone
,,,Structural adjustments
,,,Structuralist theories
,,,Substitution principle
,,,Sustainable development
,,,Tertiary economic activities
,,,
,,,
,,,
,,,
,,,
,,,
,,,
,,,
,,,
,,,
,,,
,,,
,,,
,,,
,,,
,,,
,,,
,,,
,,,
,,,
,,,
,,,
,,,
,,,
,,,
,,,
,,,
,,,
,,,
,,,
,,,
,,,
,,,
,,,
,,,
,,,
,,,
,,,
,,,
,,,
,,,
,,,
,,,
,,,
,,,
,,,
,,,
,,,
,,,
,,,
,,,
,,,
,,,
,,,
,,,
,,,
,,,
,,,
,,,
,,,
,,,
,,,
,,,
,,,
,,,
,,,
,,,
,,,
,,,
,,,
,,,
,,,
,,,
,,,
,,,
,,,
,,,
,,,
,,,
,,,
,,,
,,,
,,,
,,,
,,,
,,,
,,,
,,,
,,,
,,,
,,,
,,,
,,,
,,,
,,,
,,,
,,,
,,,
,,,
,,,
,,,
,,,
,,,
,,,
,,,
,,,
,,,
,,,
,,,
,,,
,,,
,,,
,,,
,,,
,,,
,,,
,,,
,,,
,,,
,,,
,,,
,,,
,,,
,,,
,,,
,,,
,,,
,,,
,,,
,,,
,,,
,,,
,,,
,,,
,,,
,,,
,,,
,,,
,,,
,,,
,,,
,,,
,,,
,,,
,,,
,,,
,,,
,,,
,,,
,,,
,,,
,,,
,,,
,,,
,,,
,,,
,,,
,,,
,,,
,,,
,,,
,,,
,,,
,,,
,,,
,,,
,,,
,,,
,,,
,,,
,,,
,,,
,,,
,,,
,,,
,,,
,,,
,,,
,,,
,,,
,,,
,,,
,,,
,,,
,,,
,,,
,,,
,,,
,,,
,,,
,,,
,,,
,,,
,,,
,,,
,,,
,,,
,,,
,,,
,,,
,,,
,,,
,,,
,,,
,,,
,,,
,,,
,,,
,,,
,,,
,,,
,,,
,,,
,,,
,,,
,,,
,,,
,,,
,,,
,,,
,,,
,,,
,,,
,,,
,,,
,,,
,,,
,,,
,,,
,,,
,,,
,,,
,,,
,,,
,,,
,,,
,,,
,,,
,,,
,,,
,,,
,,,
,,,
,,,
,,,
,,,
,,,
,,,
,,,
,,,
,,,
,,,
,,,
,,,
,,,
,,,
,,,
,,,
,,,
,,,
,,,
,,,
,,,
,,,
,,,
,,,
,,,
,,,
,,,
,,,
,,,
,,,
,,,
,,,
,,,
,,,
,,,
,,,
,,,
,,,
,,,
,,,
,,,
,,,
,,,
,,,
,,,
,,,
,,,
,,,
,,,
,,,
,,,
,,,
,,,
,,,
,,,
,,,
,,,
,,,
,,,
,,,
,,,
,,,
,,,
,,,
,,,
,,,
,,,
,,,
,,,
,,,
,,,
,,,
,,,
,,,
,,,
,,,
,,,
,,,
,,,
,,,
,,,
,,,
,,,
,,,
,,,
,,,
,,,
,,,
,,,
,,,
,,,
,,,
,,,
,,,
,,,
,,,
,,,
,,,
,,,
,,,
,,,
,,,
,,,
,,,
,,,
,,,
,,,
,,,
,,,
,,,
,,,
,,,
,,,
,,,
,,,
,,,
,,,
,,,
,,,
,,,
,,,
,,,
,,,
,,,
,,,
,,,
,,,
,,,
,,,
,,,
,,,
,,,
,,,
,,,
,,,
,,,
,,,
,,,
,,,
,,,
,,,
,,,
,,,
,,,
,,,
,,,
,,,
,,,
,,,
,,,
,,,
,,,
,,,
,,,
,,,
,,,
,,,
,,,
,,,
,,,
,,,
,,,
,,,
,,,
,,,
,,,
,,,
,,,
,,,
,,,
,,,
,,,
,,,
,,,
,,,
,,,
,,,
,,,
,,,
,,,
,,,
,,,
,,,
,,,
,,,
,,,
,,,
,,,
,,,
,,,
,,,
,,,
,,,
,,,
,,,
,,,
,,,
,,,
,,,
,,,
,,,
,,,
,,,
,,,
,,,
,,,
,,,
,,,
,,,
,,,
,,,
,,,
,,,
,,,
,,,
,,,
,,,
,,,
,,,
,,,
,,,
,,,
,,,
,,,
,,,
,,,
,,,
,,,
,,,
,,,
,,,
,,,
,,,
,,,
,,,
,,,
,,,
,,,
,,,
,,,
,,,
,,,
,,,
,,,
,,,
,,,
,,,
,,,
,,,
,,,
,,,
,,,
,,,
,,,
,,,
,,,
,,,
,,,
,,,
,,,
,,,
,,,
,,,
,,,
,,,
,,,
,,,
,,,
,,,
,,,
,,,
,,,
,,,
,,,
,,,
,,,
,,,
,,,
,,,
,,,
,,,
,,,
,,,
,,,
,,,
,,,
,,,
,,,
,,,
,,,
,,,
,,,
,,,
,,,
,,,
,,,
,,,
,,,
,,,
,,,
,,,
,,,
,,,
,,,
,,,
,,,
,,,
,,,
,,,
,,,
,,,
,,,
,,,
,,,
,,,
,,,
,,,
,,,
,,,
,,,
,,,
,,,
,,,
,,,
,,,
,,,
,,,
,,,
,,,
,,,
,,,
,,,
,,,
,,,
,,,
,,,
,,,
,,,
,,,
,,,
,,,
,,,
,,,
,,,
,,,
,,,
,,,
,,,
,,,
,,,
,,,
,,,
,,,
,,,
,,,
,,,
,,,
,,,
,,,
,,,
,,,
,,,
,,,
,,,
,,,
,,,
,,,
,,,
,,,
,,,
,,,
,,,
,,,
,,,
,,,
,,,
,,,
,,,
,,,
,,,
,,,
,,,
,,,
,,,
,,,
,,,
,,,
,,,
,,,
,,,
,,,
,,,
,,,
,,,
,,,
,,,
,,,
,,,
,,,
,,,
,,,
,,,
,,,
,,,
,,,
,,,
,,,
,,,
,,,
,,,
,,,
,,,
,,,
,,,
,,,
,,,
,,,
,,,
,,,
,,,
,,,
